"","doc_title","total_positive","total_negative","total_net_sentiment","tfidf_positive","tfidf_negative","net_sentiment_tfidf"
"1","Circle of Commerce",491,423,68,0.00826742439777493,0.0113742908912063,-0.00310686649343134
"2","Free Trade",344,281,63,0.00518520142678291,0.00808539883498351,-0.00290019740820061
